{
  "rmse": 12375403.39217668,
  "mae": 2860.095701487668,
  "r2": 0.8226474851420202
}