{
  "rmse": 3963533.59159883,
  "mae": 1564.1594753461502,
  "r2": 0.9431984051009997
}