{
  "accuracy": 0.99125,
  "roc_auc": 0.9952651515151515
}